Text,KM,Ano,Valor
FORD FIESTA 1.0 ROCAM SE 8V FLEX 4P MANUAL,KM 85000,2013/2014,"R$ 35.900,00"
VOLKSWAGEN POLO 1.0 200 TSI HIGHLINE AUTOMÁTICO,KM 62000,2019/2020,"R$ 94.900,00"
VOLKSWAGEN NIVUS 1.0 200 TSI TOTAL FLEX HIGHLINE AUTOMÁTICO,KM 11320,2022/2022,"R$ 132.900,00"
HONDA HR-V 1.8 16V FLEX EXL 4P AUTOMÁTICO,KM 88670,2016/2016,"R$ 93.900,00"
CHEVROLET S10 2.5 LTZ 4X2 CD 16V FLEX 4P AUTOMÁTICO,KM 67932,2018/2019,"R$ 156.900,00"
CITROEN C4 LOUNGE 2.0 MPFI TENDENCE 16V FLEX 4P MANUAL,KM 144333,2013/2014,"R$ 49.900,00"
NISSAN KICKS 1.6 16V FLEXSTART SENSE XTRONIC,KM 35779,2021/2022,"R$ 114.900,00"
VOLKSWAGEN POLO 1.0 200 TSI COMFORTLINE AUTOMÁTICO,KM 39033,2018/2019,"R$ 81.900,00"
FORD FIESTA 1.5 S HATCH 16V FLEX 4P MANUAL,KM 45667,2014/2015,"R$ 49.900,00"
RENAULT KWID 1.0 12V SCE FLEX ZEN MANUAL,KM 60144,2019/2020,"R$ 49.900,00"
VOLKSWAGEN POLO 1.0 200 TSI COMFORTLINE AUTOMÁTICO,KM 6000,2021/2022,"R$ 96.900,00"
VOLKSWAGEN GOL 1.6 MI 8V FLEX 4P MANUAL G.V,KM 145440,2011/2011,"R$ 36.900,00"
CHEVROLET PRISMA 1.4 MPFI LTZ 8V FLEX 4P AUTOMÁTICO,KM 30168,2018/2019,"R$ 79.900,00"
RENAULT KWID 1.0 12V SCE FLEX ZEN MANUAL,KM 57139,2019/2020,"R$ 49.900,00"
HYUNDAI HB20 1.0 TGDI FLEX EVOLUTION AUTOMÁTICO,KM 25049,2021/2022,"R$ 89.900,00"
VOLKSWAGEN POLO 1.0 MPI TOTAL FLEX MANUAL,KM 72611,2017/2018,"R$ 62.900,00"
FIAT FIORINO 1.4 MPI FURGÃO ENDURANCE 8V FLEX 2P MANUAL,KM 13592,2021/2021,"R$ 87.900,00"
PEUGEOT PARTNER 1.6 FURGÃO 800KG 16V FLEX 3P MANUAL,KM 25102,2021/2022,"R$ 79.900,00"
CITROEN C4 LOUNGE 1.6 THP FLEX SHINE BVA,KM 60985,2018/2019,"R$ 85.900,00"
VOLKSWAGEN POLO 1.0 MPI TOTAL FLEX MANUAL,KM 80300,2019/2020,"R$ 74.900,00"
FORD KA 1.5 TI-VCT FLEX SE PLUS MANUAL,KM 41396,2020/2021,"R$ 64.900,00"
FIAT MOBI 1.0 EVO FLEX LIKE. MANUAL,KM 33660,2021/2022,"R$ 58.900,00"
FIAT MOBI 1.0 EVO FLEX LIKE. MANUAL,KM 41300,2019/2020,"R$ 49.900,00"
HYUNDAI IX35 2.0 MPI 4X2 16V FLEX 4P MANUAL,KM 116622,2011/2012,"R$ 69.900,00"
VOLKSWAGEN FOX 1.6 MSI TOTAL FLEX XTREME 4P MANUAL,KM 59585,2018/2019,"R$ 67.900,00"
VOLKSWAGEN NIVUS 1.0 200 TSI TOTAL FLEX HIGHLINE AUTOMÁTICO,KM 18139,2020/2021,"R$ 129.900,00"
FIAT STRADA 1.4 FIRE FLEX ENDURANCE CS MANUAL,KM 75000,2021/2021,"R$ 79.900,00"
VOLKSWAGEN GOLF 1.6 MSI COMFORTLINE 16V TOTAL FLEX 4P MANUAL,KM 93184,2015/2016,"R$ 76.900,00"
CHEVROLET ONIX 1.0 MPFI LT 8V FLEX 4P MANUAL,KM 78465,2013/2013,"R$ 47.900,00"
VOLKSWAGEN VIRTUS 1.6 MSI TOTAL FLEX MANUAL,KM 66336,2019/2020,"R$ 79.900,00"
PEUGEOT 2008 1.6 16V FLEX ALLURE PACK 4P AUTOMÁTICO,KM 19550,2021/2022,"R$ 86.900,00"
RENAULT KWID 1.0 12V SCE FLEX ZEN MANUAL,KM 59035,2019/2020,"R$ 52.900,00"
CHEVROLET TRACKER 1.8 MPFI LT 4X2 16V FLEX 4P AUTOMÁTICO,KM 105000,2015/2016,"R$ 74.900,00"
RENAULT KWID 1.0 12V SCE FLEX OUTSIDER MANUAL,KM 69990,2020/2021,"R$ 63.900,00"
VOLKSWAGEN POLO 1.0 MPI TOTAL FLEX MANUAL,KM 28255,2020/2020,"R$ 71.900,00"
VOLKSWAGEN VOYAGE 1.6 MSI TOTALFLEX 4P MANUAL,KM 27510,2020/2021,"R$ 62.900,00"
CHEVROLET ONIX 1.0 MPFI LT 8V FLEX 4P MANUAL,KM 79787,2018/2019,"R$ 61.900,00"
CITROEN C4 LOUNGE 1.6 TENDANCE 16V TURBO FLEX 4P AUTOMÁTICO,KM 54566,2017/2017,"R$ 69.900,00"
HYUNDAI HB20 1.0 UNIQUE 12V FLEX 4P MANUAL,KM 21545,2019/2019,"R$ 62.900,00"
PEUGEOT 208 1.5 ALLURE 8V FLEX 4P MANUAL,KM 84300,2015/2016,"R$ 53.900,00"
KIA SPORTAGE 2.0 LX 4X2 16V FLEX 4P AUTOMÁTICO,KM 78675,2013/2014,"R$ 84.900,00"
HONDA WR-V 1.5 16V FLEXONE EX CVT,KM 35095,2017/2018,"R$ 89.900,00"
NISSAN KICKS 1.6 16V FLEXSTART SENSE XTRONIC,KM 21815,2021/2022,"R$ 107.900,00"
HONDA FIT 1.5 LX 16V FLEX 4P AUTOMÁTICO,KM 64720,2017/2018,"R$ 85.900,00"
VOLKSWAGEN T-CROSS 1.0 200 TSI TOTAL FLEX AUTOMÁTICO,KM 37500,2020/2021,"R$ 119.900,00"
VOLKSWAGEN NIVUS 1.0 200 TSI TOTAL FLEX HIGHLINE AUTOMÁTICO,KM 31913,2020/2021,"R$ 131.900,00"
VOLKSWAGEN GOL 1.0 12V MPI TOTALFLEX 4P MANUAL,KM 63800,2020/2021,"R$ 57.900,00"
FORD KA 1.0 TI-VCT FLEX SE MANUAL,KM 46775,2019/2019,"R$ 53.900,00"
HONDA HR-V 1.8 16V FLEX EXL 4P AUTOMÁTICO,KM 105951,2015/2016,"R$ 93.900,00"
VOLKSWAGEN NIVUS 1.0 200 TSI TOTAL FLEX COMFORTLINE AUTOMÁTICO,KM 25000,2020/2021,"R$ 116.900,00"
HYUNDAI CRETA 1.6 16V FLEX ACTION AUTOMÁTICO,KM 19300,2021/2021,"R$ 93.900,00"
VOLKSWAGEN GOL 1.0 12V MPI TOTALFLEX TRACK 4P MANUAL,KM 94890,2017/2018,"R$ 55.900,00"
CHEVROLET S10 2.8 LTZ 4X4 CD 16V TURBO DIESEL 4P AUTOMÁTICO,KM 77890,2019/2019,"R$ 196.900,00"
FIAT TORO 2.0 16V TURBO DIESEL ULTRA 4WD AT9,KM 44500,2019/2020,"R$ 166.900,00"
FORD KA SEDAN 1.5 SE PLUS 16V FLEX 4P MANUAL,KM 62085,2014/2015,"R$ 49.900,00"
VOLKSWAGEN JETTA 2.0 TSI HIGHLINE 211CV GASOLINA 4P TIPTRONIC,KM 118700,2016/2016,"R$ 96.900,00"
RENAULT SANDERO 1.0 12V SCE FLEX AUTHENTIQUE MANUAL,KM 74214,2017/2018,"R$ 47.900,00"
HYUNDAI HB20 1.0 COMFORT PLUS 12V FLEX 4P MANUAL,KM 59714,2018/2018,"R$ 58.900,00"
HYUNDAI CRETA 2.0 16V FLEX PRESTIGE AUTOMÁTICO,KM 56407,2017/2017,"R$ 97.900,00"
VOLKSWAGEN VIRTUS 1.0 200 TSI COMFORTLINE AUTOMÁTICO,KM 25850,2021/2022,"R$ 106.900,00"
VOLKSWAGEN VIRTUS 1.0 200 TSI COMFORTLINE AUTOMÁTICO,KM 20950,2020/2021,"R$ 96.900,00"
CITROEN C4 CACTUS 1.6 VTI 120 FLEX FEEL EAT6,KM 15600,2021/2022,"R$ 99.900,00"
NISSAN KICKS 1.6 16V FLEXSTART SV 4P XTRONIC,KM 44590,2019/2020,"R$ 94.900,00"
AUDI Q3 1.4 TFSI AMBIENTE FLEX 4P S TRONIC,KM 52870,2018/2018,"R$ 139.900,00"
VOLKSWAGEN FOX 1.6 MSI TOTAL FLEX CONNECT 4P I-MOTION,KM 38107,2018/2019,"R$ 64.900,00"
VOLKSWAGEN GOL 1.0 12V MPI TOTALFLEX 4P MANUAL,KM 79873,2018/2019,"R$ 58.900,00"
CHEVROLET CRUZE 1.4 TURBO LT 16V FLEX 4P AUTOMÁTICO,KM 48000,2018/2019,"R$ 109.900,00"
VOLKSWAGEN UP 1.0 MPI TOTAL FLEX 4P MANUAL,KM 82714,2019/2020,"R$ 69.900,00"
VOLKSWAGEN AMAROK 2.0 HIGHLINE 4X4 CD 16V TURBO INTERCOOLER DIESEL 4P AUTOMÁTICO,KM 95019,2016/2017,"R$ 162.900,00"
RENAULT CAPTUR 1.6 16V SCE FLEX INTENSE X-TRONIC,KM 58508,2019/2019,"R$ 86.900,00"
FIAT MOBI 1.0 EVO FLEX LIKE. MANUAL,KM 37144,2021/2021,"R$ 56.900,00"
FIAT MOBI 1.0 EVO FLEX LIKE. MANUAL,KM 35211,2021/2021,"R$ 54.900,00"
VOLKSWAGEN CROSS UP 1.0 TSI 12V FLEX 4P MANUAL,KM 130048,2018/2019,"R$ 66.900,00"
VOLKSWAGEN NIVUS 1.0 200 TSI TOTAL FLEX HIGHLINE AUTOMÁTICO,KM 26817,2021/2021,"R$ 124.900,00"
RENAULT KWID 1.0 12V SCE FLEX INTENSE MANUAL,KM 83815,2017/2018,"R$ 45.900,00"
TOYOTA HILUX 3.0 SRV 4X4 CD 16V TURBO INTERCOOLER DIESEL 4P AUTOMÁTICO,KM 150213,2013/2014,"R$ 159.900,00"
VOLKSWAGEN FOX 1.6 MSI TOTAL FLEX CONNECT 4P MANUAL,KM 61081,2019/2020,"R$ 69.900,00"
NISSAN KICKS 1.6 16V FLEXSTART S 4P MANUAL,KM 104000,2017/2018,"R$ 82.900,00"
VOLKSWAGEN AMAROK 2.0 HIGHLINE 4X4 CD 16V TURBO INTERCOOLER DIESEL 4P AUTOMÁTICO,KM 66962,2017/2018,"R$ 181.900,00"
HONDA FIT 1.5 LX 16V FLEX 4P AUTOMÁTICO,KM 97665,2017/2018,"R$ 78.900,00"
VOLKSWAGEN TAOS 1.4 250 TSI TOTAL FLEX COMFORTLINE AUTOMÁTICO,KM 22115,2021/2022,"R$ 169.900,00"
VOLKSWAGEN T-CROSS 1.0 200 TSI TOTAL FLEX AUTOMÁTICO,KM 97374,2019/2020,"R$ 99.900,00"
JEEP COMPASS 2.0 16V FLEX LONGITUDE AUTOMÁTICO,KM 68097,2019/2019,"R$ 129.900,00"
VOLKSWAGEN GOL 1.0 12V MPI TOTALFLEX TRENDLINE 4P MANUAL,KM 66559,2017/2018,"R$ 52.900,00"
HYUNDAI HB20 1.6 COMFORT PLUS 16V FLEX 4P MANUAL,KM 84001,2016/2016,"R$ 59.900,00"
VOLKSWAGEN GOL 1.0 12V MPI TOTALFLEX 4P MANUAL,KM 139057,2019/2020,"R$ 55.900,00"
FIAT FIORINO 1.4 MPI FURGÃO HARD WORKING 8V FLEX 2P MANUAL,KM 41242,2020/2021,"R$ 85.900,00"
VOLKSWAGEN POLO 1.0 200 TSI HIGHLINE AUTOMÁTICO,KM 65000,2019/2019,"R$ 92.900,00"
FIAT TORO 2.0 16V TURBO DIESEL FREEDOM 4WD AT9,KM 57529,2018/2019,"R$ 134.900,00"
FIAT MOBI 1.0 EVO FLEX LIKE. MANUAL,KM 34226,2021/2022,"R$ 61.900,00"
FIAT MOBI 1.0 EVO FLEX LIKE. MANUAL,KM 34071,2021/2022,"R$ 61.900,00"
HONDA CRV 2.0 EXL 4X4 16V GASOLINA 4P AUTOMÁTICO,KM 124935,2012/2012,"R$ 79.900,00"
CHEVROLET ONIX 1.0 MPFI JOY 8V FLEX 4P MANUAL,KM 61913,2018/2019,"R$ 57.900,00"
FIAT PALIO 1.6 MPI SPORTING 16V FLEX 4P MANUAL,KM 70299,2015/2015,"R$ 51.900,00"
CHEVROLET ONIX 1.0 MPFI LT 8V FLEX 4P MANUAL,KM 70601,2018/2018,"R$ 59.900,00"
VOLKSWAGEN NIVUS 1.0 200 TSI TOTAL FLEX HIGHLINE AUTOMÁTICO,KM 44621,2020/2021,"R$ 127.900,00"
VOLKSWAGEN POLO 1.0 200 TSI COMFORTLINE AUTOMÁTICO,KM 21037,2021/2021,"R$ 91.900,00"
FIAT ARGO 1.0 FIREFLY FLEX MANUAL,KM 77854,2018/2019,"R$ 59.900,00"
VOLKSWAGEN CROSS UP 1.0 TSI 12V FLEX 4P MANUAL,KM 61398,2017/2018,"R$ 73.900,00"
FORD KA 1.0 TI-VCT FLEX SE MANUAL,KM 40440,2019/2020,"R$ 62.900,00"
VOLKSWAGEN POLO 1.0 200 TSI COMFORTLINE AUTOMÁTICO,KM 21148,2021/2021,"R$ 91.900,00"
VOLKSWAGEN FOX 1.6 MSI TOTAL FLEX XTREME 4P MANUAL,KM 37935,2020/2021,"R$ 76.900,00"
HONDA HR-V 1.8 16V FLEX EX 4P AUTOMÁTICO,KM 16013,2019/2020,"R$ 122.900,00"
VOLKSWAGEN VIRTUS 1.0 200 TSI COMFORTLINE AUTOMÁTICO,KM 89685,2019/2020,"R$ 89.900,00"
CHEVROLET ONIX 1.0 MPFI LT 8V FLEX 4P MANUAL,KM 71985,2019/2019,"R$ 62.900,00"
VOLKSWAGEN VOYAGE 1.6 16V MSI TOTALFLEX 4P AUTOMÁTICO,KM 33120,2021/2022,"R$ 82.900,00"
FIAT FIORINO 1.4 MPI FURGÃO HARD WORKING 8V FLEX 2P MANUAL,KM 72311,2019/2020,"R$ 79.900,00"
VOLKSWAGEN SAVEIRO 1.6 MSI ROBUST CS 8V FLEX 2P MANUAL,KM 118000,2019/2020,"R$ 69.900,00"
VOLKSWAGEN NIVUS 1.0 200 TSI TOTAL FLEX HIGHLINE AUTOMÁTICO,KM 31920,2020/2021,"R$ 128.900,00"
VOLKSWAGEN NIVUS 1.0 200 TSI TOTAL FLEX HIGHLINE AUTOMÁTICO,KM 53827,2020/2021,"R$ 128.900,00"
VOLKSWAGEN NIVUS 1.0 200 TSI TOTAL FLEX HIGHLINE AUTOMÁTICO,KM 17824,2020/2021,"R$ 128.900,00"
VOLKSWAGEN SAVEIRO 1.6 MSI ROBUST CS 8V FLEX 2P MANUAL,KM 14818,2021/2022,"R$ 85.900,00"
CHEVROLET CRUZE 1.4 TURBO FLEX SPORT6 PREMIER AUTOMÁTICO,KM 29928,2020/2020,"R$ 129.900,00"
FORD KA 1.0 TI-VCT FLEX SE PLUS MANUAL,KM 70545,2019/2020,"R$ 59.900,00"
JEEP COMPASS 2.0 16V FLEX LONGITUDE AUTOMÁTICO,KM 68865,2017/2018,"R$ 117.900,00"
CITROEN AIRCROSS 1.6 TENDANCE 16V FLEX 4P MANUAL,KM 100913,2015/2015,"R$ 51.900,00"
CHEVROLET PRISMA 1.4 MPFI LTZ 8V FLEX 4P AUTOMÁTICO,KM 81234,2018/2019,"R$ 73.900,00"
VOLKSWAGEN FOX 1.6 MI HIGHLINE 8V FLEX 4P MANUAL,KM 123894,2015/2015,"R$ 53.900,00"
VOLKSWAGEN VIRTUS 1.0 200 TSI COMFORTLINE AUTOMÁTICO,KM 42879,2019/2020,"R$ 89.900,00"
HONDA WR-V 1.5 16V FLEXONE EXL CVT,KM 52286,2017/2018,"R$ 90.900,00"
NISSAN VERSA 1.0 12V FLEX V-DRIVE MANUAL,KM 29254,2021/2021,"R$ 63.900,00"
VOLKSWAGEN POLO 1.6 MSI TOTAL FLEX MANUAL,KM 82047,2018/2019,"R$ 70.900,00"
FIAT PULSE 1.3 FLEX DRIVE MANUAL,KM 1922,2022/2022,"R$ 96.900,00"
HONDA HR-V 1.8 16V FLEX LX 4P MANUAL,KM 29560,2018/2018,"R$ 96.900,00"
VOLKSWAGEN SAVEIRO 1.6 MSI TRENDLINE CS 8V FLEX 2P MANUAL,KM 64438,2020/2021,"R$ 79.900,00"
CHEVROLET MONTANA 1.4 MPFI LS CS 8V FLEX 2P MANUAL,KM 51278,2019/2020,"R$ 64.900,00"
VOLKSWAGEN POLO 1.0 MPI TOTAL FLEX MANUAL,KM 53368,2019/2020,"R$ 67.900,00"
CHEVROLET ONIX 1.0 FLEX PLUS LT MANUAL,KM 35390,2021/2022,"R$ 80.900,00"
PEUGEOT 2008 1.6 16V FLEX CROSSWAY 4P AUTOMÁTICO,KM 62166,2018/2019,"R$ 79.900,00"
FORD KA 1.0 TI-VCT FLEX SE MANUAL,KM 47864,2019/2020,"R$ 56.900,00"
JEEP COMPASS 2.0 16V DIESEL LONGITUDE 4X4 AUTOMÁTICO,KM 68611,2019/2020,"R$ 164.900,00"
VOLKSWAGEN VIRTUS 1.6 MSI TOTAL FLEX AUTOMÁTICO,KM 87939,2019/2020,"R$ 79.900,00"
VOLKSWAGEN POLO 1.0 MPI TOTAL FLEX MANUAL,KM 67076,2019/2020,"R$ 67.900,00"
VOLKSWAGEN GOLF 1.6 MSI COMFORTLINE 16V TOTAL FLEX 4P MANUAL,KM 99242,2015/2016,"R$ 77.900,00"
FIAT TORO 2.0 16V TURBO DIESEL ULTRA 4WD AT9,KM 22492,2021/2021,"R$ 175.900,00"
VOLKSWAGEN NIVUS 1.0 200 TSI TOTAL FLEX HIGHLINE AUTOMÁTICO,KM 46568,2020/2021,"R$ 128.900,00"
VOLKSWAGEN TAOS 1.4 250 TSI TOTAL FLEX HIGHLINE AUTOMÁTICO,KM 26588,2021/2022,"R$ 185.900,00"
HYUNDAI HB20S 1.0 TGDI FLEX PLATINUM AUTOMÁTICO,KM 10191,2021/2022,"R$ 92.900,00"
VOLKSWAGEN NIVUS 1.0 200 TSI TOTAL FLEX HIGHLINE AUTOMÁTICO,KM 30327,2020/2021,"R$ 128.900,00"
VOLKSWAGEN GOL 1.0 12V MPI TOTALFLEX 4P MANUAL,KM 60100,2020/2021,"R$ 62.900,00"
VOLKSWAGEN VIRTUS 1.0 200 TSI COMFORTLINE AUTOMÁTICO,KM 26500,2021/2022,"R$ 106.900,00"
VOLKSWAGEN TAOS 1.4 250 TSI TOTAL FLEX COMFORTLINE AUTOMÁTICO,KM 17768,2021/2022,"R$ 167.900,00"
VOLKSWAGEN T-CROSS 1.0 200 TSI TOTAL FLEX AUTOMÁTICO,KM 62930,2020/2021,"R$ 117.900,00"
CHEVROLET ONIX 1.0 MPFI JOY 8V FLEX 4P MANUAL,KM 83550,2018/2019,"R$ 57.900,00"
FIAT MOBI 1.0 EVO FLEX LIKE. MANUAL,KM 36898,2021/2021,"R$ 56.900,00"
VOLKSWAGEN FOX 1.6 MSI TOTAL FLEX CONNECT 4P MANUAL,KM 53016,2017/2018,"R$ 63.900,00"
VOLKSWAGEN FOX 1.6 MSI TOTAL FLEX CONNECT 4P MANUAL,KM 65021,2018/2019,"R$ 70.900,00"
VOLKSWAGEN AMAROK 3.0 V6 TDI DIESEL HIGHLINE CD 4MOTION AUTOMÁTICO,KM 16000,2021/2022,"R$ 296.900,00"
CITROEN AIRCROSS 1.6 LIVE 16V FLEX 4P AUTOMÁTICO,KM 54761,2016/2017,"R$ 57.900,00"
VOLKSWAGEN FOX 1.6 MSI COMFORTLINE 8V FLEX 4P MANUAL,KM 71136,2016/2017,"R$ 58.900,00"
VOLKSWAGEN T-CROSS 1.0 200 TSI TOTAL FLEX COMFORTLINE AUTOMÁTICO,KM 41609,2019/2020,"R$ 112.900,00"
VOLKSWAGEN POLO 1.0 200 TSI COMFORTLINE AUTOMÁTICO,KM 44651,2020/2021,"R$ 98.900,00"
JEEP RENEGADE 1.8 16V FLEX LIMITED 4P AUTOMÁTICO,KM 44056,2019/2019,"R$ 99.900,00"
CHEVROLET TRACKER 1.2 TURBO FLEX LTZ AUTOMÁTICO,KM 67896,2020/2021,"R$ 123.900,00"
VOLKSWAGEN SAVEIRO 1.6 MSI TRENDLINE CS 8V FLEX 2P MANUAL,KM 53975,2019/2020,"R$ 76.900,00"
RENAULT CAPTUR 1.6 16V SCE FLEX ZEN MANUAL,KM 85787,2017/2018,"R$ 78.900,00"
VOLKSWAGEN FOX 1.6 MSI TOTAL FLEX XTREME 4P MANUAL,KM 81342,2017/2018,"R$ 66.900,00"
TOYOTA HILUX SW4 3.0 SRV 4X4 16V TURBO INTERCOOLER DIESEL 4P AUTOMÁTICO,KM 214220,2012/2013,"R$ 154.900,00"
VOLKSWAGEN GOLF 1.4 TSI VARIANT COMFORTLINE 16V GASOLINA 4P AUTOMÁTICO,KM 102249,2015/2016,"R$ 89.200,00"
PEUGEOT 2008 1.6 16V FLEX CROSSWAY 4P AUTOMÁTICO,KM 43903,2017/2018,"R$ 79.900,00"
VOLKSWAGEN NIVUS 1.0 200 TSI TOTAL FLEX HIGHLINE AUTOMÁTICO,KM 19774,2021/2021,"R$ 131.900,00"
TOYOTA COROLLA 2.0 VVT-IE FLEX XEI DIRECT SHIFT,KM 77199,2020/2021,"R$ 135.900,00"
VOLKSWAGEN POLO 1.0 MPI TOTAL FLEX MANUAL,KM 49559,2018/2019,"R$ 78.900,00"
VOLKSWAGEN VIRTUS 1.6 MSI TOTAL FLEX AUTOMÁTICO,KM 118388,2019/2020,"R$ 79.900,00"
TOYOTA COROLLA 2.0 XEI 16V FLEX 4P AUTOMÁTICO,KM 29532,2018/2019,"R$ 116.900,00"
HYUNDAI CRETA 1.6 16V FLEX ATTITUDE AUTOMÁTICO,KM 20797,2021/2021,"R$ 102.900,00"
VOLKSWAGEN POLO 1.0 200 TSI HIGHLINE AUTOMÁTICO,KM 89781,2018/2019,"R$ 89.900,00"
VOLKSWAGEN T-CROSS 1.0 200 TSI TOTAL FLEX AUTOMÁTICO,KM 47104,2019/2020,"R$ 109.900,00"
VOLKSWAGEN POLO 1.0 200 TSI COMFORTLINE AUTOMÁTICO,KM 15087,2021/2022,"R$ 99.900,00"
VOLKSWAGEN T-CROSS 1.0 200 TSI TOTAL FLEX AUTOMÁTICO,KM 44866,2020/2021,"R$ 115.900,00"
JEEP COMPASS 2.0 16V FLEX LIMITED AUTOMÁTICO,KM 39337,2020/2020,"R$ 147.900,00"
FIAT TORO 2.0 16V TURBO DIESEL FREEDOM 4WD MANUAL,KM 105655,2016/2017,"R$ 105.900,00"
HONDA CIVIC 2.0 16V FLEXONE EXL 4P CVT,KM 55528,2019/2020,"R$ 131.900,00"
VOLKSWAGEN POLO 1.0 200 TSI SENSE AUTOMÁTICO,KM 17904,2019/2020,"R$ 89.900,00"
VOLKSWAGEN UP 1.0 TSI PEPPER 12V FLEX 4P MANUAL,KM 80065,2018/2019,"R$ 77.900,00"
PEUGEOT 2008 1.6 16V FLEX ALLURE PACK 4P AUTOMÁTICO,KM 17000,2021/2022,"R$ 84.900,00"
AUDI Q3 1.4 TFSI AMBITION FLEX 4P S TRONIC,KM 52869,2018/2018,"R$ 139.900,00"
CHEVROLET CLASSIC 1.0 MPFI LS 8V FLEX 4P MANUAL,KM 70000,2013/2014,"R$ 29.900,00"
FIAT TORO 1.8 16V EVO FLEX FREEDOM AT6,KM 56287,2018/2019,"R$ 105.900,00"
VOLKSWAGEN T-CROSS 1.0 200 TSI TOTAL FLEX AUTOMÁTICO,KM 25113,2021/2021,"R$ 105.900,00"
VOLKSWAGEN VIRTUS 1.0 200 TSI HIGHLINE AUTOMÁTICO,KM 31632,2019/2020,"R$ 99.900,00"
PEUGEOT 308 1.6 GRIFFE THP 16V FLEX 4P AUTOMÁTICO,KM 86575,2016/2016,"R$ 64.900,00"
FIAT MOBI 1.0 8V EVO FLEX WAY MANUAL,KM 41873,2016/2017,"R$ 54.900,00"
VOLKSWAGEN NIVUS 1.0 200 TSI TOTAL FLEX COMFORTLINE AUTOMÁTICO,KM 36900,2021/2021,"R$ 111.900,00"
VOLKSWAGEN AMAROK 3.0 V6 TDI DIESEL HIGHLINE EXTREME CD 4MOTION AUTOMÁTICO,KM 28776,2021/2021,"R$ 309.900,00"
VOLKSWAGEN AMAROK 3.0 V6 TDI DIESEL HIGHLINE EXTREME CD 4MOTION AUTOMÁTICO,KM 32712,2020/2020,"R$ 259.900,00"
CHEVROLET TRACKER 1.4 16V TURBO FLEX PREMIER AUTOMÁTICO,KM 79792,2018/2018,"R$ 99.900,00"
VOLKSWAGEN AMAROK 3.0 V6 TDI DIESEL HIGHLINE EXTREME CD 4MOTION AUTOMÁTICO,KM 59900,2021/2021,"R$ 295.900,00"
VOLKSWAGEN GOL 1.0 12V MPI TOTALFLEX 4P MANUAL,KM 60573,2020/2021,"R$ 59.900,00"
VOLKSWAGEN VIRTUS 1.6 MSI TOTAL FLEX AUTOMÁTICO,KM 101000,2018/2019,"R$ 79.900,00"
VOLKSWAGEN TAOS 1.4 250 TSI TOTAL FLEX HIGHLINE AUTOMÁTICO,KM 25000,2021/2022,"R$ 199.900,00"
VOLKSWAGEN AMAROK 2.0 TRENDLINE 4X4 CD 16V TURBO INTERCOOLER DIESEL 4P AUTOMÁTICO,KM 102014,2017/2017,"R$ 144.900,00"
FIAT CRONOS 1.3 FIREFLY FLEX MANUAL,KM 69598,2018/2019,"R$ 72.900,00"
FIAT MOBI 1.0 EVO FLEX LIKE. MANUAL,KM 30910,2021/2021,"R$ 57.900,00"
HYUNDAI CRETA 1.6 16V FLEX ATTITUDE AUTOMÁTICO,KM 24100,2021/2021,"R$ 97.900,00"
VOLKSWAGEN VOYAGE 1.6 16V MSI TOTALFLEX 4P AUTOMÁTICO,KM 21600,2021/2022,"R$ 84.900,00"
VOLKSWAGEN GOLF 1.4 TSI HIGHLINE 16V TOTAL FLEX 4P TIPTRONIC,KM 97592,2015/2016,"R$ 105.900,00"
FORD TERRITORY 1.5 ECOBOOST GTDI GASOLINA TITANIUM AUTOMÁTICO,KM 43288,2020/2021,"R$ 189.900,00"
RENAULT KWID 1.0 12V SCE FLEX ZEN MANUAL,KM 42169,2021/2022,"R$ 62.900,00"
BMW 320i 2.0 SPORT 16V TURBO ACTIVE FLEX 4P AUTOMÁTICO,KM 63444,2017/2017,"R$ 149.900,00"
VOLKSWAGEN JETTA 2.0 TSI HIGHLINE 211CV GASOLINA 4P TIPTRONIC,KM 110703,2015/2015,"R$ 90.900,00"
VOLKSWAGEN FOX 1.6 MSI TOTAL FLEX CONNECT 4P MANUAL,KM 27783,2021/2022,"R$ 77.900,00"
VOLKSWAGEN UP 1.0 MPI TOTAL FLEX 4P MANUAL,KM 24067,2019/2020,"R$ 75.900,00"
FIAT TORO 2.0 16V TURBO DIESEL FREEDOM 4WD AT9,KM 27958,2020/2021,"R$ 161.900,00"
NISSAN KICKS 1.6 16V FLEXSTART SENSE XTRONIC,KM 25693,2021/2022,"R$ 115.900,00"
VOLKSWAGEN VIRTUS 1.0 200 TSI COMFORTLINE AUTOMÁTICO,KM 14830,2022/2022,"R$ 111.900,00"
CHEVROLET ONIX 1.4 MPFI ACTIV 8V FLEX 4P AUTOMÁTICO,KM 80629,2017/2018,"R$ 73.900,00"
FORD KA 1.0 SE 12V FLEX 4P MANUAL,KM 136113,2016/2017,"R$ 47.900,00"
TOYOTA YARIS 1.5 16V FLEX XS CONNECT MULTIDRIVE,KM 10144,2022/2023,"R$ 97.900,00"
FIAT TORO 1.8 16V EVO FLEX ENDURANCE AT6,KM 60000,2019/2020,"R$ 95.900,00"
NISSAN FRONTIER 2.5 SL 4X4 CD TURBO ELETRONIC DIESEL 4P AUTOMÁTICO,KM 214221,2013/2014,"R$ 110.900,00"
NISSAN FRONTIER 2.3 16V TURBO DIESEL S CD 4X4 MANUAL,KM 47000,2019/2020,"R$ 163.700,00"
VOLKSWAGEN UP 1.0 170 TSI TOTAL FLEX CONNECT 4P MANUAL,KM 49850,2019/2020,"R$ 74.900,00"
RENAULT DUSTER 1.6 16V SCE FLEX DYNAMIQUE X-TRONIC,KM 82900,2018/2019,"R$ 79.900,00"
NISSAN KICKS 1.6 16V FLEXSTART SENSE XTRONIC,KM 26006,2021/2022,"R$ 114.900,00"
BMW X1 2.0 16V TURBO ACTIVEFLEX SDRIVE20I 4P AUTOMÁTICO,KM 97942,2016/2016,"R$ 138.900,00"
FIAT UNO 1.0 FIRE FLEX ATTRACTIVE MANUAL,KM 78468,2020/2020,"R$ 56.900,00"
CITROEN C4 CACTUS 1.6 THP FLEX SHINE EAT6,KM 45469,2018/2019,"R$ 95.900,00"
HYUNDAI HB20 1.6 COMFORT PLUS 16V FLEX 4P MANUAL,KM 82068,2019/2019,"R$ 70.900,00"
VOLKSWAGEN T-CROSS 1.0 200 TSI TOTAL FLEX AUTOMÁTICO,KM 33128,2020/2021,"R$ 122.900,00"
VOLKSWAGEN VIRTUS 1.0 200 TSI HIGHLINE AUTOMÁTICO,KM 52500,2020/2021,"R$ 104.990,00"
CHEVROLET ONIX 1.0 MPFI JOY 8V FLEX 4P MANUAL,KM 99259,2017/2017,"R$ 55.900,00"
HYUNDAI HB20 1.6 COMFORT PLUS 16V FLEX 4P MANUAL,KM 48607,2016/2016,"R$ 59.900,00"
VOLKSWAGEN FOX 1.6 MSI TOTAL FLEX CONNECT 4P MANUAL,KM 82982,2019/2020,"R$ 68.900,00"
VOLKSWAGEN GOL 1.0 12V MPI TOTALFLEX 4P MANUAL,KM 15003,2021/2022,"R$ 72.900,00"
VOLKSWAGEN AMAROK 3.0 V6 TDI DIESEL HIGHLINE CD 4MOTION AUTOMÁTICO,KM 54056,2020/2021,"R$ 289.900,00"
VOLKSWAGEN NIVUS 1.0 200 TSI TOTAL FLEX HIGHLINE AUTOMÁTICO,KM 29574,2021/2021,"R$ 129.900,00"
VOLKSWAGEN NIVUS 1.0 200 TSI TOTAL FLEX HIGHLINE AUTOMÁTICO,KM 35432,2020/2021,"R$ 129.900,00"
CHEVROLET TRACKER 1.0 TURBO FLEX LT AUTOMÁTICO,KM 57415,2020/2021,"R$ 111.900,00"
VOLKSWAGEN AMAROK 2.0 COMFORTLINE 4X4 CD 16V TURBO INTERCOOLER DIESEL 4P AUTOMÁTICO,KM 119620,2018/2019,"R$ 169.900,00"
CITROEN AIRCROSS 1.6 FEEL 16V FLEX 4P AUTOMÁTICO,KM 101493,2016/2017,"R$ 64.900,00"
VOLKSWAGEN T-CROSS 1.0 200 TSI TOTAL FLEX MANUAL,KM 59328,2019/2020,"R$ 99.900,00"
RENAULT CAPTUR 1.6 16V SCE FLEX INTENSE X-TRONIC,KM 59514,2018/2019,"R$ 88.900,00"
VOLKSWAGEN T-CROSS 1.0 200 TSI TOTAL FLEX SENSE AUTOMÁTICO,KM 7325,2022/2022,"R$ 113.900,00"
VOLKSWAGEN FOX 1.0 MI 8V FLEX 4P MANUAL,KM 72970,2013/2014,"R$ 48.900,00"
VOLKSWAGEN NIVUS 1.0 200 TSI TOTAL FLEX HIGHLINE AUTOMÁTICO,KM 10762,2022/2022,"R$ 132.900,00"
HONDA FIT 1.5 LX 16V FLEX 4P AUTOMÁTICO,KM 69844,2018/2019,"R$ 84.900,00"
VOLKSWAGEN GOL 1.0 12V MPI TOTALFLEX 4P MANUAL,KM 65910,2020/2021,"R$ 57.900,00"
HYUNDAI HB20 1.6 R SPEC 16V FLEX 4P AUTOMÁTICO,KM 77900,2017/2017,"R$ 74.900,00"
FIAT TORO 1.8 16V EVO FLEX FREEDOM AT6,KM 46910,2018/2019,"R$ 101.500,00"
CITROEN AIRCROSS 1.6 VTI 120 FLEX LIVE MANUAL,KM 12744,2018/2019,"R$ 74.900,00"
JEEP COMPASS 2.0 16V DIESEL LONGITUDE 4X4 AUTOMÁTICO,KM 110017,2017/2017,"R$ 139.900,00"
VOLKSWAGEN POLO 1.0 200 TSI COMFORTLINE AUTOMÁTICO,KM 16889,2020/2021,"R$ 99.900,00"
VOLKSWAGEN VIRTUS 1.6 MSI TOTAL FLEX MANUAL,KM 76956,2019/2020,"R$ 79.900,00"
VOLKSWAGEN T-CROSS 1.0 200 TSI TOTAL FLEX AUTOMÁTICO,KM 17352,2021/2021,"R$ 118.900,00"
VOLKSWAGEN VOYAGE 1.6 MSI TOTALFLEX 4P MANUAL,KM 51995,2018/2019,"R$ 62.900,00"
FIAT ARGO 1.0 FIREFLY FLEX DRIVE MANUAL,KM 73654,2019/2020,"R$ 64.900,00"
FORD KA 1.5 SIGMA FLEX SE MANUAL,KM 98500,2017/2018,"R$ 59.900,00"
HONDA FIT 1.5 EXL 16V FLEX 4P AUTOMÁTICO,KM 46717,2018/2018,"R$ 92.900,00"
TOYOTA YARIS 1.5 16V FLEX XLS CONNECT MULTIDRIVE,KM 36853,2020/2021,"R$ 103.900,00"
HYUNDAI HB20S 1.6 PREMIUM 16V FLEX 4P AUTOMÁTICO,KM 87584,2017/2018,"R$ 76.900,00"
TOYOTA RAV4 2.0 4X2 16V GASOLINA 4P AUTOMÁTICO,KM 158344,2015/2015,"R$ 98.900,00"
FORD KA 1.0 TI-VCT FLEX SE PLUS SEDAN MANUAL,KM 76724,2019/2020,"R$ 62.900,00"
VOLKSWAGEN UP 1.0 170 TSI TOTAL FLEX CONNECT 4P MANUAL,KM 98968,2019/2020,"R$ 76.900,00"
VOLKSWAGEN AMAROK 2.0 COMFORTLINE 4X4 CD 16V TURBO INTERCOOLER DIESEL 4P AUTOMÁTICO,KM 128634,2018/2019,"R$ 159.900,00"
NISSAN KICKS 1.6 16V FLEXSTART S 4P XTRONIC,KM 69867,2018/2018,"R$ 87.900,00"
RENAULT CAPTUR 1.6 16V SCE FLEX INTENSE X-TRONIC,KM 64097,2018/2019,"R$ 92.900,00"
VOLKSWAGEN PASSAT 2.0 16V TSI BLUEMOTION GASOLINA HIGHLINE 4P DSG,KM 100000,2018/2018,"R$ 162.900,00"
HYUNDAI HB20 1.0 12V FLEX EVOLUTION MANUAL,KM 10942,2020/2021,"R$ 79.900,00"
NISSAN KICKS 1.6 16V FLEXSTART SL 4P XTRONIC,KM 30619,2018/2019,"R$ 105.900,00"
VOLKSWAGEN AMAROK 3.0 V6 TDI DIESEL HIGHLINE CD 4MOTION AUTOMÁTICO,KM 81413,2019/2019,"R$ 220.900,00"
VOLKSWAGEN T-CROSS 1.0 200 TSI TOTAL FLEX COMFORTLINE AUTOMÁTICO,KM 32004,2019/2020,"R$ 123.900,00"
HYUNDAI HB20 1.0 COMFORT 12V FLEX 4P MANUAL,KM 82224,2015/2016,"R$ 59.900,00"
CHEVROLET ONIX 1.4 MPFI LTZ 8V FLEX 4P MANUAL,KM 0,2015/2016,"R$ 63.900,00"
RENAULT KWID 1.0 12V SCE FLEX ZEN MANUAL,KM 20100,2021/2022,"R$ 61.900,00"
NISSAN FRONTIER 2.5 SV ATTACK 4X4 CD TURBO ELETRONIC DIESEL 4P AUTOMÁTICO,KM 109800,2015/2015,"R$ 126.900,00"
VOLKSWAGEN TAOS 1.4 250 TSI TOTAL FLEX COMFORTLINE AUTOMÁTICO,KM 33392,2021/2022,"R$ 172.900,00"
VOLKSWAGEN POLO 1.6 MSI TOTAL FLEX MANUAL,KM 47500,2019/2020,"R$ 75.900,00"
VOLKSWAGEN T-CROSS 1.0 200 TSI TOTAL FLEX AUTOMÁTICO,KM 55908,2019/2020,"R$ 119.900,00"
VOLKSWAGEN GOL 1.0 12V MPI TOTALFLEX 4P MANUAL,KM 76600,2020/2021,"R$ 62.900,00"
VOLKSWAGEN POLO 1.0 200 TSI SENSE AUTOMÁTICO,KM 117113,2019/2020,"R$ 89.900,00"
RENAULT KWID 1.0 12V SCE FLEX ZEN MANUAL,KM 43000,2020/2021,"R$ 54.900,00"
JEEP RENEGADE 1.8 16V FLEX LIMITED 4P AUTOMÁTICO,KM 90819,2019/2019,"R$ 104.900,00"
VOLKSWAGEN AMAROK 2.0 TRENDLINE 4X4 CD 16V TURBO INTERCOOLER DIESEL 4P AUTOMÁTICO,KM 98168,2017/2017,"R$ 154.900,00"
RENAULT SANDERO 1.6 16V SCE FLEX ZEN MANUAL,KM 51041,2020/2021,"R$ 69.900,00"
VOLKSWAGEN GOL 1.6 16V MSI TOTALFLEX 4P AUTOMÁTICO,KM 72968,2019/2020,"R$ 69.900,00"
HYUNDAI CRETA 2.0 16V FLEX PRESTIGE AUTOMÁTICO,KM 32430,2019/2020,"R$ 116.900,00"
